Profit,Profit cannot be negative
Profit,Profit cannot be negative
Profit,Profit cannot be negative
Profit,Profit cannot be negative
Profit,Profit cannot be negative
Profit,Profit cannot be negative
Profit,Profit cannot be negative
Profit,Profit cannot be negative
Profit,Profit cannot be negative
Profit,Profit cannot be negative
Profit,Profit cannot be negative
Profit,Profit cannot be negative
Profit,Profit cannot be negative
Profit,Profit cannot be negative
Profit,Profit cannot be negative
Profit,Profit cannot be negative
Profit,Profit cannot be negative
Profit,Profit cannot be negative
Profit,Profit cannot be negative
Profit,Profit cannot be negative
Profit,Profit cannot be negative
Profit,Profit cannot be negative
Profit,Profit cannot be negative
Profit,Profit cannot be negative
Profit,Profit cannot be negative
Profit,Profit cannot be negative
Profit,Profit cannot be negative
Profit,Profit cannot be negative
Profit,Profit cannot be negative
Profit,Profit cannot be negative
Profit,Profit cannot be negative
Profit,Profit cannot be negative
Profit,Profit cannot be negative
Profit,Profit cannot be negative
Profit,Profit cannot be negative
Profit,Profit cannot be negative
Profit,Profit cannot be negative
Profit,Profit cannot be negative
Profit,Profit cannot be negative
Profit,Profit cannot be negative
Profit,Profit cannot be negative
Profit,Profit cannot be negative
Profit,Profit cannot be negative
Profit,Profit cannot be negative
Profit,Profit cannot be negative
Profit,Profit cannot be negative
Profit,Profit cannot be negative
Profit,Profit cannot be negative
Profit,Profit cannot be negative
Profit,Profit cannot be negative
Profit,Profit cannot be negative
Profit,Profit cannot be negative
Profit,Profit cannot be negative
Profit,Profit cannot be negative
Profit,Profit cannot be negative
Profit,Profit cannot be negative
Profit,Profit cannot be negative
Profit,Profit cannot be negative
Profit,Profit cannot be negative
Profit,Profit cannot be negative
Profit,Profit cannot be negative
Profit,Profit cannot be negative
Profit,Profit cannot be negative
Profit,Profit cannot be negative
Profit,Profit cannot be negative
Profit,Profit cannot be negative
Profit,Profit cannot be negative
Profit,Profit cannot be negative
Profit,Profit cannot be negative
Profit,Profit cannot be negative
Profit,Profit cannot be negative
Profit,Profit cannot be negative
Profit,Profit cannot be negative
Profit,Profit cannot be negative
Profit,Profit cannot be negative
Profit,Profit cannot be negative
Profit,Profit cannot be negative
Profit,Profit cannot be negative
Profit,Profit cannot be negative
Profit,Profit cannot be negative
Profit,Profit cannot be negative
Profit,Profit cannot be negative
Profit,Profit cannot be negative
Profit,Profit cannot be negative
Profit,Profit cannot be negative
Profit,Profit cannot be negative
Profit,Profit cannot be negative
Profit,Profit cannot be negative
Profit,Profit cannot be negative
Profit,Profit cannot be negative
Profit,Profit cannot be negative
Profit,Profit cannot be negative
Profit,Profit cannot be negative
Profit,Profit cannot be negative
Profit,Profit cannot be negative
Profit,Profit cannot be negative
Profit,Profit cannot be negative
Profit,Profit cannot be negative
Profit,Profit cannot be negative
Profit,Profit cannot be negative
Profit,Profit cannot be negative
Profit,Profit cannot be negative
Profit,Profit cannot be negative
Profit,Profit cannot be negative
Profit,Profit cannot be negative
Profit,Profit cannot be negative
Profit,Profit cannot be negative
Profit,Profit cannot be negative
Profit,Profit cannot be negative
Profit,Profit cannot be negative
Profit,Profit cannot be negative
Profit,Profit cannot be negative
Profit,Profit cannot be negative
Profit,Profit cannot be negative
Profit,Profit cannot be negative
Profit,Profit cannot be negative
Profit,Profit cannot be negative
Profit,Profit cannot be negative
Profit,Profit cannot be negative
Profit,Profit cannot be negative
Profit,Profit cannot be negative
Profit,Profit cannot be negative
Profit,Profit cannot be negative
Profit,Profit cannot be negative
Profit,Profit cannot be negative
Profit,Profit cannot be negative
Profit,Profit cannot be negative
Profit,Profit cannot be negative
Profit,Profit cannot be negative
Profit,Profit cannot be negative
Profit,Profit cannot be negative
Profit,Profit cannot be negative
Profit,Profit cannot be negative
Profit,Profit cannot be negative
Profit,Profit cannot be negative
Profit,Profit cannot be negative
Profit,Profit cannot be negative
Profit,Profit cannot be negative
Profit,Profit cannot be negative
Profit,Profit cannot be negative
Profit,Profit cannot be negative
Profit,Profit cannot be negative
Profit,Profit cannot be negative
Profit,Profit cannot be negative
Profit,Profit cannot be negative
Profit,Profit cannot be negative
Profit,Profit cannot be negative
Profit,Profit cannot be negative
Profit,Profit cannot be negative
Profit,Profit cannot be negative
Profit,Profit cannot be negative
Profit,Profit cannot be negative
Profit,Profit cannot be negative
Profit,Profit cannot be negative
Profit,Profit cannot be negative
Profit,Profit cannot be negative
Profit,Profit cannot be negative
Profit,Profit cannot be negative
Profit,Profit cannot be negative
Profit,Profit cannot be negative
Profit,Profit cannot be negative
Profit,Profit cannot be negative
Profit,Profit cannot be negative
Profit,Profit cannot be negative
Profit,Profit cannot be negative
Profit,Profit cannot be negative
Profit,Profit cannot be negative
Profit,Profit cannot be negative
Profit,Profit cannot be negative
Profit,Profit cannot be negative
Profit,Profit cannot be negative
Profit,Profit cannot be negative
Profit,Profit cannot be negative
Profit,Profit cannot be negative
Profit,Profit cannot be negative
Profit,Profit cannot be negative
Profit,Profit cannot be negative
Profit,Profit cannot be negative
Profit,Profit cannot be negative
Profit,Profit cannot be negative
Profit,Profit cannot be negative
Profit,Profit cannot be negative
Profit,Profit cannot be negative
Profit,Profit cannot be negative
Profit,Profit cannot be negative
Profit,Profit cannot be negative
Profit,Profit cannot be negative
Profit,Profit cannot be negative
Profit,Profit cannot be negative
Profit,Profit cannot be negative
Profit,Profit cannot be negative
Profit,Profit cannot be negative
Profit,Profit cannot be negative
Profit,Profit cannot be negative
Profit,Profit cannot be negative
Profit,Profit cannot be negative
Profit,Profit cannot be negative
Profit,Profit cannot be negative
Profit,Profit cannot be negative
Profit,Profit cannot be negative
Profit,Profit cannot be negative
Profit,Profit cannot be negative
Profit,Profit cannot be negative
Profit,Profit cannot be negative
Profit,Profit cannot be negative
Profit,Profit cannot be negative
Profit,Profit cannot be negative
Profit,Profit cannot be negative
Profit,Profit cannot be negative
Profit,Profit cannot be negative
Profit,Profit cannot be negative
Profit,Profit cannot be negative
Profit,Profit cannot be negative
Profit,Profit cannot be negative
Profit,Profit cannot be negative
Profit,Profit cannot be negative
Profit,Profit cannot be negative
Profit,Profit cannot be negative
Profit,Profit cannot be negative
Profit,Profit cannot be negative
Profit,Profit cannot be negative
Profit,Profit cannot be negative
Profit,Profit cannot be negative
Profit,Profit cannot be negative
Profit,Profit cannot be negative
Profit,Profit cannot be negative
Profit,Profit cannot be negative
Profit,Profit cannot be negative
Profit,Profit cannot be negative
Profit,Profit cannot be negative
Profit,Profit cannot be negative
Profit,Profit cannot be negative
Profit,Profit cannot be negative
Profit,Profit cannot be negative
Profit,Profit cannot be negative
Profit,Profit cannot be negative
Profit,Profit cannot be negative
Profit,Profit cannot be negative
Profit,Profit cannot be negative
Profit,Profit cannot be negative
Profit,Profit cannot be negative
Profit,Profit cannot be negative
Profit,Profit cannot be negative
Profit,Profit cannot be negative
Profit,Profit cannot be negative
Profit,Profit cannot be negative
Profit,Profit cannot be negative
Profit,Profit cannot be negative
Profit,Profit cannot be negative
Profit,Profit cannot be negative
Profit,Profit cannot be negative
Profit,Profit cannot be negative
Profit,Profit cannot be negative
Profit,Profit cannot be negative
Profit,Profit cannot be negative
Profit,Profit cannot be negative
Profit,Profit cannot be negative
Profit,Profit cannot be negative
Profit,Profit cannot be negative
Profit,Profit cannot be negative
Profit,Profit cannot be negative
Profit,Profit cannot be negative
Profit,Profit cannot be negative
Profit,Profit cannot be negative
Profit,Profit cannot be negative
Profit,Profit cannot be negative
Profit,Profit cannot be negative
Profit,Profit cannot be negative
Profit,Profit cannot be negative
Profit,Profit cannot be negative
Profit,Profit cannot be negative
Profit,Profit cannot be negative
Profit,Profit cannot be negative
Profit,Profit cannot be negative
Profit,Profit cannot be negative
Profit,Profit cannot be negative
Profit,Profit cannot be negative
Profit,Profit cannot be negative
Profit,Profit cannot be negative
Profit,Profit cannot be negative
Profit,Profit cannot be negative
Profit,Profit cannot be negative
Profit,Profit cannot be negative
Profit,Profit cannot be negative
Profit,Profit cannot be negative
Profit,Profit cannot be negative
Profit,Profit cannot be negative
Profit,Profit cannot be negative
Profit,Profit cannot be negative
Profit,Profit cannot be negative
Profit,Profit cannot be negative
Profit,Profit cannot be negative
Profit,Profit cannot be negative
Profit,Profit cannot be negative
Profit,Profit cannot be negative
Profit,Profit cannot be negative
Profit,Profit cannot be negative
Profit,Profit cannot be negative
Profit,Profit cannot be negative
Profit,Profit cannot be negative
Profit,Profit cannot be negative
Profit,Profit cannot be negative
Profit,Profit cannot be negative
Profit,Profit cannot be negative
Profit,Profit cannot be negative
Profit,Profit cannot be negative
Profit,Profit cannot be negative
Profit,Profit cannot be negative
Profit,Profit cannot be negative
Profit,Profit cannot be negative
Profit,Profit cannot be negative
Profit,Profit cannot be negative
Profit,Profit cannot be negative
Profit,Profit cannot be negative
Profit,Profit cannot be negative
Profit,Profit cannot be negative
Profit,Profit cannot be negative
Profit,Profit cannot be negative
Profit,Profit cannot be negative
Profit,Profit cannot be negative
Profit,Profit cannot be negative
Profit,Profit cannot be negative
Profit,Profit cannot be negative
Profit,Profit cannot be negative
Profit,Profit cannot be negative
Profit,Profit cannot be negative
Profit,Profit cannot be negative
Profit,Profit cannot be negative
Profit,Profit cannot be negative
Profit,Profit cannot be negative
Profit,Profit cannot be negative
Profit,Profit cannot be negative
Profit,Profit cannot be negative
Profit,Profit cannot be negative
Profit,Profit cannot be negative
Profit,Profit cannot be negative
Profit,Profit cannot be negative
Profit,Profit cannot be negative
Profit,Profit cannot be negative
Profit,Profit cannot be negative
Profit,Profit cannot be negative
Profit,Profit cannot be negative
Profit,Profit cannot be negative
Profit,Profit cannot be negative
Profit,Profit cannot be negative
Profit,Profit cannot be negative
Profit,Profit cannot be negative
Profit,Profit cannot be negative
Profit,Profit cannot be negative
Profit,Profit cannot be negative
Profit,Profit cannot be negative
Profit,Profit cannot be negative
Profit,Profit cannot be negative
Profit,Profit cannot be negative
Profit,Profit cannot be negative
Profit,Profit cannot be negative
Profit,Profit cannot be negative
Profit,Profit cannot be negative
Profit,Profit cannot be negative
Profit,Profit cannot be negative
Profit,Profit cannot be negative
Profit,Profit cannot be negative
Profit,Profit cannot be negative
Profit,Profit cannot be negative
Profit,Profit cannot be negative
Profit,Profit cannot be negative
Profit,Profit cannot be negative
Profit,Profit cannot be negative
Profit,Profit cannot be negative
Profit,Profit cannot be negative
Profit,Profit cannot be negative
Profit,Profit cannot be negative
Profit,Profit cannot be negative
Profit,Profit cannot be negative
Profit,Profit cannot be negative
Profit,Profit cannot be negative
Profit,Profit cannot be negative
Profit,Profit cannot be negative
Profit,Profit cannot be negative
Profit,Profit cannot be negative
Profit,Profit cannot be negative
Profit,Profit cannot be negative
Profit,Profit cannot be negative
Profit,Profit cannot be negative
Profit,Profit cannot be negative
Profit,Profit cannot be negative
Profit,Profit cannot be negative
Profit,Profit cannot be negative
Profit,Profit cannot be negative
Profit,Profit cannot be negative
Profit,Profit cannot be negative
Profit,Profit cannot be negative
Profit,Profit cannot be negative
Profit,Profit cannot be negative
Profit,Profit cannot be negative
Profit,Profit cannot be negative
Profit,Profit cannot be negative
Profit,Profit cannot be negative
Profit,Profit cannot be negative
Profit,Profit cannot be negative
Profit,Profit cannot be negative
Profit,Profit cannot be negative
Profit,Profit cannot be negative
Profit,Profit cannot be negative
Profit,Profit cannot be negative
Profit,Profit cannot be negative
Profit,Profit cannot be negative
Profit,Profit cannot be negative
Profit,Profit cannot be negative
Profit,Profit cannot be negative
Profit,Profit cannot be negative
Profit,Profit cannot be negative
Profit,Profit cannot be negative
Profit,Profit cannot be negative
Profit,Profit cannot be negative
Profit,Profit cannot be negative
Profit,Profit cannot be negative
Profit,Profit cannot be negative
Profit,Profit cannot be negative
Profit,Profit cannot be negative
Profit,Profit cannot be negative
Profit,Profit cannot be negative
Profit,Profit cannot be negative
Profit,Profit cannot be negative
Profit,Profit cannot be negative
Profit,Profit cannot be negative
Profit,Profit cannot be negative
Profit,Profit cannot be negative
Profit,Profit cannot be negative
Profit,Profit cannot be negative
Profit,Profit cannot be negative
Profit,Profit cannot be negative
Profit,Profit cannot be negative
Profit,Profit cannot be negative
Profit,Profit cannot be negative
Profit,Profit cannot be negative
Profit,Profit cannot be negative
Profit,Profit cannot be negative
Profit,Profit cannot be negative
Profit,Profit cannot be negative
Profit,Profit cannot be negative
Profit,Profit cannot be negative
Profit,Profit cannot be negative
Profit,Profit cannot be negative
Profit,Profit cannot be negative
Profit,Profit cannot be negative
Profit,Profit cannot be negative
Profit,Profit cannot be negative
Profit,Profit cannot be negative
Profit,Profit cannot be negative
Profit,Profit cannot be negative
Profit,Profit cannot be negative
Profit,Profit cannot be negative
Profit,Profit cannot be negative
Profit,Profit cannot be negative
Profit,Profit cannot be negative
Profit,Profit cannot be negative
Profit,Profit cannot be negative
Profit,Profit cannot be negative
Profit,Profit cannot be negative
Profit,Profit cannot be negative
Profit,Profit cannot be negative
Profit,Profit cannot be negative
Profit,Profit cannot be negative
Profit,Profit cannot be negative
Profit,Profit cannot be negative
Profit,Profit cannot be negative
Profit,Profit cannot be negative
Profit,Profit cannot be negative
Profit,Profit cannot be negative
Profit,Profit cannot be negative
Profit,Profit cannot be negative
Profit,Profit cannot be negative
Profit,Profit cannot be negative
Profit,Profit cannot be negative
Profit,Profit cannot be negative
Profit,Profit cannot be negative
Profit,Profit cannot be negative
Profit,Profit cannot be negative
Profit,Profit cannot be negative
Profit,Profit cannot be negative
Profit,Profit cannot be negative
Profit,Profit cannot be negative
Profit,Profit cannot be negative
Profit,Profit cannot be negative
Profit,Profit cannot be negative
Profit,Profit cannot be negative
Profit,Profit cannot be negative
Profit,Profit cannot be negative
Profit,Profit cannot be negative
Profit,Profit cannot be negative
Profit,Profit cannot be negative
Profit,Profit cannot be negative
Profit,Profit cannot be negative
Profit,Profit cannot be negative
Profit,Profit cannot be negative
Profit,Profit cannot be negative
Profit,Profit cannot be negative
Profit,Profit cannot be negative
Profit,Profit cannot be negative
Profit,Profit cannot be negative
Profit,Profit cannot be negative
Profit,Profit cannot be negative
Profit,Profit cannot be negative
Profit,Profit cannot be negative
Profit,Profit cannot be negative
Profit,Profit cannot be negative
Profit,Profit cannot be negative
Profit,Profit cannot be negative
Profit,Profit cannot be negative
Profit,Profit cannot be negative
Profit,Profit cannot be negative
Profit,Profit cannot be negative
Profit,Profit cannot be negative
Profit,Profit cannot be negative
Profit,Profit cannot be negative
Profit,Profit cannot be negative
Profit,Profit cannot be negative
Profit,Profit cannot be negative
Profit,Profit cannot be negative
Profit,Profit cannot be negative
Profit,Profit cannot be negative
Profit,Profit cannot be negative
Profit,Profit cannot be negative
Profit,Profit cannot be negative
Profit,Profit cannot be negative
Profit,Profit cannot be negative
Profit,Profit cannot be negative
Profit,Profit cannot be negative
Profit,Profit cannot be negative
Profit,Profit cannot be negative
Profit,Profit cannot be negative
Profit,Profit cannot be negative
Profit,Profit cannot be negative
Profit,Profit cannot be negative
Profit,Profit cannot be negative
Profit,Profit cannot be negative
Profit,Profit cannot be negative
Profit,Profit cannot be negative
Profit,Profit cannot be negative
Profit,Profit cannot be negative
Profit,Profit cannot be negative
Profit,Profit cannot be negative
Profit,Profit cannot be negative
Profit,Profit cannot be negative
Profit,Profit cannot be negative
Profit,Profit cannot be negative
Profit,Profit cannot be negative
Profit,Profit cannot be negative
Profit,Profit cannot be negative
Profit,Profit cannot be negative
Profit,Profit cannot be negative
Profit,Profit cannot be negative
Profit,Profit cannot be negative
Profit,Profit cannot be negative
Profit,Profit cannot be negative
Profit,Profit cannot be negative
Profit,Profit cannot be negative
Profit,Profit cannot be negative
Profit,Profit cannot be negative
Profit,Profit cannot be negative
Profit,Profit cannot be negative
Profit,Profit cannot be negative
Profit,Profit cannot be negative
Profit,Profit cannot be negative
Profit,Profit cannot be negative
Profit,Profit cannot be negative
Profit,Profit cannot be negative
Profit,Profit cannot be negative
Profit,Profit cannot be negative
Profit,Profit cannot be negative
Profit,Profit cannot be negative
Profit,Profit cannot be negative
Profit,Profit cannot be negative
Profit,Profit cannot be negative
Profit,Profit cannot be negative
Profit,Profit cannot be negative
Profit,Profit cannot be negative
Profit,Profit cannot be negative
Profit,Profit cannot be negative
Profit,Profit cannot be negative
Profit,Profit cannot be negative
Profit,Profit cannot be negative
Profit,Profit cannot be negative
Profit,Profit cannot be negative
Profit,Profit cannot be negative
Profit,Profit cannot be negative
Profit,Profit cannot be negative
Profit,Profit cannot be negative
Profit,Profit cannot be negative
Profit,Profit cannot be negative
Profit,Profit cannot be negative
Profit,Profit cannot be negative
Profit,Profit cannot be negative
Profit,Profit cannot be negative
Profit,Profit cannot be negative
Profit,Profit cannot be negative
Profit,Profit cannot be negative
Profit,Profit cannot be negative
Profit,Profit cannot be negative
Profit,Profit cannot be negative
Profit,Profit cannot be negative
Profit,Profit cannot be negative
Profit,Profit cannot be negative
Profit,Profit cannot be negative
Profit,Profit cannot be negative
Profit,Profit cannot be negative
Profit,Profit cannot be negative
Profit,Profit cannot be negative
Profit,Profit cannot be negative
Profit,Profit cannot be negative
Profit,Profit cannot be negative
Profit,Profit cannot be negative
Profit,Profit cannot be negative
Profit,Profit cannot be negative
Profit,Profit cannot be negative
Profit,Profit cannot be negative
Profit,Profit cannot be negative
Profit,Profit cannot be negative
Profit,Profit cannot be negative
Profit,Profit cannot be negative
Profit,Profit cannot be negative
Profit,Profit cannot be negative
Profit,Profit cannot be negative
Profit,Profit cannot be negative
Profit,Profit cannot be negative
Profit,Profit cannot be negative
Profit,Profit cannot be negative
Profit,Profit cannot be negative
Profit,Profit cannot be negative
Profit,Profit cannot be negative
Profit,Profit cannot be negative
Profit,Profit cannot be negative
Profit,Profit cannot be negative
Profit,Profit cannot be negative
Profit,Profit cannot be negative
Profit,Profit cannot be negative
Profit,Profit cannot be negative
Profit,Profit cannot be negative
Profit,Profit cannot be negative
Profit,Profit cannot be negative
Profit,Profit cannot be negative
Profit,Profit cannot be negative
Profit,Profit cannot be negative
Profit,Profit cannot be negative
Profit,Profit cannot be negative
Profit,Profit cannot be negative
Profit,Profit cannot be negative
Profit,Profit cannot be negative
Profit,Profit cannot be negative
Profit,Profit cannot be negative
Profit,Profit cannot be negative
Profit,Profit cannot be negative
Profit,Profit cannot be negative
Profit,Profit cannot be negative
Profit,Profit cannot be negative
Profit,Profit cannot be negative
Profit,Profit cannot be negative
Profit,Profit cannot be negative
Profit,Profit cannot be negative
Profit,Profit cannot be negative
Profit,Profit cannot be negative
Profit,Profit cannot be negative
Profit,Profit cannot be negative
Profit,Profit cannot be negative
Profit,Profit cannot be negative
Profit,Profit cannot be negative
Profit,Profit cannot be negative
Profit,Profit cannot be negative
Profit,Profit cannot be negative
Profit,Profit cannot be negative
Profit,Profit cannot be negative
Profit,Profit cannot be negative
Profit,Profit cannot be negative
Profit,Profit cannot be negative
Profit,Profit cannot be negative
Profit,Profit cannot be negative
Profit,Profit cannot be negative
Profit,Profit cannot be negative
Profit,Profit cannot be negative
Profit,Profit cannot be negative
Profit,Profit cannot be negative
Profit,Profit cannot be negative
Profit,Profit cannot be negative
Profit,Profit cannot be negative
Profit,Profit cannot be negative
Profit,Profit cannot be negative
Profit,Profit cannot be negative
Profit,Profit cannot be negative
Profit,Profit cannot be negative
Profit,Profit cannot be negative
Profit,Profit cannot be negative
Profit,Profit cannot be negative
Profit,Profit cannot be negative
Profit,Profit cannot be negative
Profit,Profit cannot be negative
Profit,Profit cannot be negative
Profit,Profit cannot be negative
Profit,Profit cannot be negative
Profit,Profit cannot be negative
Profit,Profit cannot be negative
Profit,Profit cannot be negative
Profit,Profit cannot be negative
Profit,Profit cannot be negative
Profit,Profit cannot be negative
Profit,Profit cannot be negative
Profit,Profit cannot be negative
Profit,Profit cannot be negative
Profit,Profit cannot be negative
Profit,Profit cannot be negative
Profit,Profit cannot be negative
Profit,Profit cannot be negative
Profit,Profit cannot be negative
Profit,Profit cannot be negative
Profit,Profit cannot be negative
Profit,Profit cannot be negative
Profit,Profit cannot be negative
Profit,Profit cannot be negative
Profit,Profit cannot be negative
Profit,Profit cannot be negative
Profit,Profit cannot be negative
Profit,Profit cannot be negative
Profit,Profit cannot be negative
Profit,Profit cannot be negative
Profit,Profit cannot be negative
Profit,Profit cannot be negative
Profit,Profit cannot be negative
Profit,Profit cannot be negative
Profit,Profit cannot be negative
Profit,Profit cannot be negative
Profit,Profit cannot be negative
Profit,Profit cannot be negative
Profit,Profit cannot be negative
Profit,Profit cannot be negative
Profit,Profit cannot be negative
Profit,Profit cannot be negative
Profit,Profit cannot be negative
Profit,Profit cannot be negative
Profit,Profit cannot be negative
Profit,Profit cannot be negative
Profit,Profit cannot be negative
Profit,Profit cannot be negative
Profit,Profit cannot be negative
Profit,Profit cannot be negative
Profit,Profit cannot be negative
Profit,Profit cannot be negative
Profit,Profit cannot be negative
Profit,Profit cannot be negative
Profit,Profit cannot be negative
Profit,Profit cannot be negative
Profit,Profit cannot be negative
Profit,Profit cannot be negative
Profit,Profit cannot be negative
Profit,Profit cannot be negative
Profit,Profit cannot be negative
Profit,Profit cannot be negative
Profit,Profit cannot be negative
Profit,Profit cannot be negative
Profit,Profit cannot be negative
Profit,Profit cannot be negative
Profit,Profit cannot be negative
Profit,Profit cannot be negative
Profit,Profit cannot be negative
Profit,Profit cannot be negative
Profit,Profit cannot be negative
Profit,Profit cannot be negative
Profit,Profit cannot be negative
Profit,Profit cannot be negative
Profit,Profit cannot be negative
Profit,Profit cannot be negative
Profit,Profit cannot be negative
Profit,Profit cannot be negative
Profit,Profit cannot be negative
Profit,Profit cannot be negative
Profit,Profit cannot be negative
Profit,Profit cannot be negative
Profit,Profit cannot be negative
Profit,Profit cannot be negative
Profit,Profit cannot be negative
Profit,Profit cannot be negative
Profit,Profit cannot be negative
Profit,Profit cannot be negative
Profit,Profit cannot be negative
Profit,Profit cannot be negative
Profit,Profit cannot be negative
Profit,Profit cannot be negative
Profit,Profit cannot be negative
Profit,Profit cannot be negative
Profit,Profit cannot be negative
Profit,Profit cannot be negative
Profit,Profit cannot be negative
Profit,Profit cannot be negative
Profit,Profit cannot be negative
Profit,Profit cannot be negative
Profit,Profit cannot be negative
Profit,Profit cannot be negative
Profit,Profit cannot be negative
Profit,Profit cannot be negative
Profit,Profit cannot be negative
Profit,Profit cannot be negative
Profit,Profit cannot be negative
Profit,Profit cannot be negative
Profit,Profit cannot be negative
Profit,Profit cannot be negative
Profit,Profit cannot be negative
Profit,Profit cannot be negative
Profit,Profit cannot be negative
Profit,Profit cannot be negative
Profit,Profit cannot be negative
Profit,Profit cannot be negative
Profit,Profit cannot be negative
Profit,Profit cannot be negative
Profit,Profit cannot be negative
Profit,Profit cannot be negative
Profit,Profit cannot be negative
Profit,Profit cannot be negative
Profit,Profit cannot be negative
Profit,Profit cannot be negative
Profit,Profit cannot be negative
Profit,Profit cannot be negative
Profit,Profit cannot be negative
Profit,Profit cannot be negative
Profit,Profit cannot be negative
Profit,Profit cannot be negative
Profit,Profit cannot be negative
Profit,Profit cannot be negative
Profit,Profit cannot be negative
Profit,Profit cannot be negative
Profit,Profit cannot be negative
Profit,Profit cannot be negative
Profit,Profit cannot be negative
Profit,Profit cannot be negative
Profit,Profit cannot be negative
Profit,Profit cannot be negative
Profit,Profit cannot be negative
Profit,Profit cannot be negative
Profit,Profit cannot be negative
Profit,Profit cannot be negative
Profit,Profit cannot be negative
Profit,Profit cannot be negative
Profit,Profit cannot be negative
Profit,Profit cannot be negative
Profit,Profit cannot be negative
Profit,Profit cannot be negative
Profit,Profit cannot be negative
Profit,Profit cannot be negative
Profit,Profit cannot be negative
Profit,Profit cannot be negative
Profit,Profit cannot be negative
Profit,Profit cannot be negative
Profit,Profit cannot be negative
Profit,Profit cannot be negative
Profit,Profit cannot be negative
Profit,Profit cannot be negative
Profit,Profit cannot be negative
Profit,Profit cannot be negative
Profit,Profit cannot be negative
Profit,Profit cannot be negative
Profit,Profit cannot be negative
Profit,Profit cannot be negative
Profit,Profit cannot be negative
Profit,Profit cannot be negative
Profit,Profit cannot be negative
Profit,Profit cannot be negative
Profit,Profit cannot be negative
Profit,Profit cannot be negative
Profit,Profit cannot be negative
Profit,Profit cannot be negative
Profit,Profit cannot be negative
Profit,Profit cannot be negative
Profit,Profit cannot be negative
Profit,Profit cannot be negative
Profit,Profit cannot be negative
Profit,Profit cannot be negative
Profit,Profit cannot be negative
Profit,Profit cannot be negative
Profit,Profit cannot be negative
Profit,Profit cannot be negative
Profit,Profit cannot be negative
Profit,Profit cannot be negative
Profit,Profit cannot be negative
Profit,Profit cannot be negative
Profit,Profit cannot be negative
Profit,Profit cannot be negative
Profit,Profit cannot be negative
Profit,Profit cannot be negative
Profit,Profit cannot be negative
Profit,Profit cannot be negative
Profit,Profit cannot be negative
Profit,Profit cannot be negative
Profit,Profit cannot be negative
Profit,Profit cannot be negative
Profit,Profit cannot be negative
Profit,Profit cannot be negative
Profit,Profit cannot be negative
Profit,Profit cannot be negative
Profit,Profit cannot be negative
Profit,Profit cannot be negative
Profit,Profit cannot be negative
Profit,Profit cannot be negative
Profit,Profit cannot be negative
Profit,Profit cannot be negative
Profit,Profit cannot be negative
Profit,Profit cannot be negative
Profit,Profit cannot be negative
Profit,Profit cannot be negative
Profit,Profit cannot be negative
Profit,Profit cannot be negative
Profit,Profit cannot be negative
Profit,Profit cannot be negative
Profit,Profit cannot be negative
Profit,Profit cannot be negative
Profit,Profit cannot be negative
Profit,Profit cannot be negative
Profit,Profit cannot be negative
Profit,Profit cannot be negative
Profit,Profit cannot be negative
Profit,Profit cannot be negative
Profit,Profit cannot be negative
Profit,Profit cannot be negative
Profit,Profit cannot be negative
Profit,Profit cannot be negative
Profit,Profit cannot be negative
Profit,Profit cannot be negative
Profit,Profit cannot be negative
Profit,Profit cannot be negative
Profit,Profit cannot be negative
Profit,Profit cannot be negative
Profit,Profit cannot be negative
Profit,Profit cannot be negative
Profit,Profit cannot be negative
Profit,Profit cannot be negative
Profit,Profit cannot be negative
Profit,Profit cannot be negative
Profit,Profit cannot be negative
Profit,Profit cannot be negative
Profit,Profit cannot be negative
Profit,Profit cannot be negative
Profit,Profit cannot be negative
Profit,Profit cannot be negative
Profit,Profit cannot be negative
Profit,Profit cannot be negative
Profit,Profit cannot be negative
Profit,Profit cannot be negative
Profit,Profit cannot be negative
Profit,Profit cannot be negative
Profit,Profit cannot be negative
Profit,Profit cannot be negative
Profit,Profit cannot be negative
Profit,Profit cannot be negative
Profit,Profit cannot be negative
Profit,Profit cannot be negative
Profit,Profit cannot be negative
Profit,Profit cannot be negative
Profit,Profit cannot be negative
Profit,Profit cannot be negative
Profit,Profit cannot be negative
Profit,Profit cannot be negative
Profit,Profit cannot be negative
Profit,Profit cannot be negative
Profit,Profit cannot be negative
Profit,Profit cannot be negative
Profit,Profit cannot be negative
Profit,Profit cannot be negative
Profit,Profit cannot be negative
Profit,Profit cannot be negative
Profit,Profit cannot be negative
Profit,Profit cannot be negative
Profit,Profit cannot be negative
Profit,Profit cannot be negative
Profit,Profit cannot be negative
Profit,Profit cannot be negative
Profit,Profit cannot be negative
Profit,Profit cannot be negative
Profit,Profit cannot be negative
Profit,Profit cannot be negative
Profit,Profit cannot be negative
Profit,Profit cannot be negative
Profit,Profit cannot be negative
Profit,Profit cannot be negative
Profit,Profit cannot be negative
Profit,Profit cannot be negative
Profit,Profit cannot be negative
Profit,Profit cannot be negative
Profit,Profit cannot be negative
Profit,Profit cannot be negative
Profit,Profit cannot be negative
Profit,Profit cannot be negative
Profit,Profit cannot be negative
Profit,Profit cannot be negative
Profit,Profit cannot be negative
Profit,Profit cannot be negative
Profit,Profit cannot be negative
Profit,Profit cannot be negative
Profit,Profit cannot be negative
Profit,Profit cannot be negative
Profit,Profit cannot be negative
Profit,Profit cannot be negative
Profit,Profit cannot be negative
Profit,Profit cannot be negative
Profit,Profit cannot be negative
Profit,Profit cannot be negative
Profit,Profit cannot be negative
Profit,Profit cannot be negative
Profit,Profit cannot be negative
Profit,Profit cannot be negative
Profit,Profit cannot be negative
Profit,Profit cannot be negative
Profit,Profit cannot be negative
Profit,Profit cannot be negative
Profit,Profit cannot be negative
Profit,Profit cannot be negative
Profit,Profit cannot be negative
Profit,Profit cannot be negative
Profit,Profit cannot be negative
Profit,Profit cannot be negative
Profit,Profit cannot be negative
Profit,Profit cannot be negative
Profit,Profit cannot be negative
Profit,Profit cannot be negative
Profit,Profit cannot be negative
Profit,Profit cannot be negative
Profit,Profit cannot be negative
Profit,Profit cannot be negative
Profit,Profit cannot be negative
Profit,Profit cannot be negative
Profit,Profit cannot be negative
Profit,Profit cannot be negative
Profit,Profit cannot be negative
Profit,Profit cannot be negative
Profit,Profit cannot be negative
Profit,Profit cannot be negative
Profit,Profit cannot be negative
Profit,Profit cannot be negative
Profit,Profit cannot be negative
Profit,Profit cannot be negative
Profit,Profit cannot be negative
Profit,Profit cannot be negative
Profit,Profit cannot be negative
Profit,Profit cannot be negative
Profit,Profit cannot be negative
Profit,Profit cannot be negative
Profit,Profit cannot be negative
Profit,Profit cannot be negative
Profit,Profit cannot be negative
Profit,Profit cannot be negative
Profit,Profit cannot be negative
Profit,Profit cannot be negative
Profit,Profit cannot be negative
Profit,Profit cannot be negative
Profit,Profit cannot be negative
Profit,Profit cannot be negative
Profit,Profit cannot be negative
Profit,Profit cannot be negative
Profit,Profit cannot be negative
Profit,Profit cannot be negative
Profit,Profit cannot be negative
Profit,Profit cannot be negative
Profit,Profit cannot be negative
Profit,Profit cannot be negative
Profit,Profit cannot be negative
Profit,Profit cannot be negative
Profit,Profit cannot be negative
Profit,Profit cannot be negative
Profit,Profit cannot be negative
Profit,Profit cannot be negative
Profit,Profit cannot be negative
Profit,Profit cannot be negative
Profit,Profit cannot be negative
Profit,Profit cannot be negative
Profit,Profit cannot be negative
Profit,Profit cannot be negative
Profit,Profit cannot be negative
Profit,Profit cannot be negative
Profit,Profit cannot be negative
Profit,Profit cannot be negative
Profit,Profit cannot be negative
Profit,Profit cannot be negative
Profit,Profit cannot be negative
Profit,Profit cannot be negative
Profit,Profit cannot be negative
Profit,Profit cannot be negative
Profit,Profit cannot be negative
Profit,Profit cannot be negative
Profit,Profit cannot be negative
Profit,Profit cannot be negative
Profit,Profit cannot be negative
Profit,Profit cannot be negative
Profit,Profit cannot be negative
Profit,Profit cannot be negative
Profit,Profit cannot be negative
Profit,Profit cannot be negative
Profit,Profit cannot be negative
Profit,Profit cannot be negative
Profit,Profit cannot be negative
Profit,Profit cannot be negative
Profit,Profit cannot be negative
Profit,Profit cannot be negative
Profit,Profit cannot be negative
Profit,Profit cannot be negative
Profit,Profit cannot be negative
Profit,Profit cannot be negative
Profit,Profit cannot be negative
Profit,Profit cannot be negative
Profit,Profit cannot be negative
Profit,Profit cannot be negative
Profit,Profit cannot be negative
Profit,Profit cannot be negative
Profit,Profit cannot be negative
Profit,Profit cannot be negative
Profit,Profit cannot be negative
Profit,Profit cannot be negative
Profit,Profit cannot be negative
Profit,Profit cannot be negative
Profit,Profit cannot be negative
Profit,Profit cannot be negative
Profit,Profit cannot be negative
Profit,Profit cannot be negative
Profit,Profit cannot be negative
Profit,Profit cannot be negative
Profit,Profit cannot be negative
Profit,Profit cannot be negative
Profit,Profit cannot be negative
Profit,Profit cannot be negative
Profit,Profit cannot be negative
Profit,Profit cannot be negative
Profit,Profit cannot be negative
Profit,Profit cannot be negative
Profit,Profit cannot be negative
Profit,Profit cannot be negative
Profit,Profit cannot be negative
Profit,Profit cannot be negative
Profit,Profit cannot be negative
Profit,Profit cannot be negative
Profit,Profit cannot be negative
Profit,Profit cannot be negative
Profit,Profit cannot be negative
Profit,Profit cannot be negative
Profit,Profit cannot be negative
Profit,Profit cannot be negative
Profit,Profit cannot be negative
Profit,Profit cannot be negative
Profit,Profit cannot be negative
Profit,Profit cannot be negative
Profit,Profit cannot be negative
Profit,Profit cannot be negative
Profit,Profit cannot be negative
Profit,Profit cannot be negative
Profit,Profit cannot be negative
Profit,Profit cannot be negative
Profit,Profit cannot be negative
Profit,Profit cannot be negative
Profit,Profit cannot be negative
Profit,Profit cannot be negative
Profit,Profit cannot be negative
Profit,Profit cannot be negative
Profit,Profit cannot be negative
Profit,Profit cannot be negative
Profit,Profit cannot be negative
Profit,Profit cannot be negative
Profit,Profit cannot be negative
Profit,Profit cannot be negative
Profit,Profit cannot be negative
Profit,Profit cannot be negative
Profit,Profit cannot be negative
Profit,Profit cannot be negative
Profit,Profit cannot be negative
Profit,Profit cannot be negative
Profit,Profit cannot be negative
Profit,Profit cannot be negative
Profit,Profit cannot be negative
Profit,Profit cannot be negative
Profit,Profit cannot be negative
Profit,Profit cannot be negative
Profit,Profit cannot be negative
Profit,Profit cannot be negative
Profit,Profit cannot be negative
Profit,Profit cannot be negative
Profit,Profit cannot be negative
Profit,Profit cannot be negative
Profit,Profit cannot be negative
Profit,Profit cannot be negative
Profit,Profit cannot be negative
Profit,Profit cannot be negative
Profit,Profit cannot be negative
Profit,Profit cannot be negative
Profit,Profit cannot be negative
Profit,Profit cannot be negative
Profit,Profit cannot be negative
Profit,Profit cannot be negative
Profit,Profit cannot be negative
Profit,Profit cannot be negative
Profit,Profit cannot be negative
Profit,Profit cannot be negative
Profit,Profit cannot be negative
Profit,Profit cannot be negative
Profit,Profit cannot be negative
Profit,Profit cannot be negative
Profit,Profit cannot be negative
Profit,Profit cannot be negative
Profit,Profit cannot be negative
Profit,Profit cannot be negative
Profit,Profit cannot be negative
Profit,Profit cannot be negative
Profit,Profit cannot be negative
Profit,Profit cannot be negative
Profit,Profit cannot be negative
Profit,Profit cannot be negative
Profit,Profit cannot be negative
Profit,Profit cannot be negative
Profit,Profit cannot be negative
Profit,Profit cannot be negative
Profit,Profit cannot be negative
Profit,Profit cannot be negative
Profit,Profit cannot be negative
Profit,Profit cannot be negative
Profit,Profit cannot be negative
Profit,Profit cannot be negative
Profit,Profit cannot be negative
Profit,Profit cannot be negative
Profit,Profit cannot be negative
Profit,Profit cannot be negative
Profit,Profit cannot be negative
Profit,Profit cannot be negative
Profit,Profit cannot be negative
Profit,Profit cannot be negative
Profit,Profit cannot be negative
Profit,Profit cannot be negative
Profit,Profit cannot be negative
Profit,Profit cannot be negative
Profit,Profit cannot be negative
Profit,Profit cannot be negative
Profit,Profit cannot be negative
Profit,Profit cannot be negative
Profit,Profit cannot be negative
Profit,Profit cannot be negative
Profit,Profit cannot be negative
Profit,Profit cannot be negative
Profit,Profit cannot be negative
Profit,Profit cannot be negative
Profit,Profit cannot be negative
Profit,Profit cannot be negative
Profit,Profit cannot be negative
Profit,Profit cannot be negative
Profit,Profit cannot be negative
Profit,Profit cannot be negative
Profit,Profit cannot be negative
Profit,Profit cannot be negative
Profit,Profit cannot be negative
Profit,Profit cannot be negative
Profit,Profit cannot be negative
Profit,Profit cannot be negative
Profit,Profit cannot be negative
Profit,Profit cannot be negative
Profit,Profit cannot be negative
Profit,Profit cannot be negative
Profit,Profit cannot be negative
Profit,Profit cannot be negative
Profit,Profit cannot be negative
Profit,Profit cannot be negative
Profit,Profit cannot be negative
Profit,Profit cannot be negative
Profit,Profit cannot be negative
Profit,Profit cannot be negative
Profit,Profit cannot be negative
Profit,Profit cannot be negative
Profit,Profit cannot be negative
Profit,Profit cannot be negative
Profit,Profit cannot be negative
Profit,Profit cannot be negative
Profit,Profit cannot be negative
Profit,Profit cannot be negative
Profit,Profit cannot be negative
Profit,Profit cannot be negative
Profit,Profit cannot be negative
Profit,Profit cannot be negative
Profit,Profit cannot be negative
Profit,Profit cannot be negative
Profit,Profit cannot be negative
Profit,Profit cannot be negative
Profit,Profit cannot be negative
Profit,Profit cannot be negative
Profit,Profit cannot be negative
Profit,Profit cannot be negative
Profit,Profit cannot be negative
Profit,Profit cannot be negative
Profit,Profit cannot be negative
Profit,Profit cannot be negative
Profit,Profit cannot be negative
Profit,Profit cannot be negative
Profit,Profit cannot be negative
Profit,Profit cannot be negative
Profit,Profit cannot be negative
Profit,Profit cannot be negative
Profit,Profit cannot be negative
Profit,Profit cannot be negative
Profit,Profit cannot be negative
Profit,Profit cannot be negative
Profit,Profit cannot be negative
Profit,Profit cannot be negative
Profit,Profit cannot be negative
Profit,Profit cannot be negative
Profit,Profit cannot be negative
Profit,Profit cannot be negative
Profit,Profit cannot be negative
Profit,Profit cannot be negative
Profit,Profit cannot be negative
Profit,Profit cannot be negative
Profit,Profit cannot be negative
Profit,Profit cannot be negative
Profit,Profit cannot be negative
Profit,Profit cannot be negative
Profit,Profit cannot be negative
Profit,Profit cannot be negative
Profit,Profit cannot be negative
Profit,Profit cannot be negative
Profit,Profit cannot be negative
Profit,Profit cannot be negative
Profit,Profit cannot be negative
Profit,Profit cannot be negative
Profit,Profit cannot be negative
Profit,Profit cannot be negative
Profit,Profit cannot be negative
Profit,Profit cannot be negative
Profit,Profit cannot be negative
Profit,Profit cannot be negative
Profit,Profit cannot be negative
Profit,Profit cannot be negative
Profit,Profit cannot be negative
Profit,Profit cannot be negative
Profit,Profit cannot be negative
Profit,Profit cannot be negative
Profit,Profit cannot be negative
Profit,Profit cannot be negative
Profit,Profit cannot be negative
Profit,Profit cannot be negative
Profit,Profit cannot be negative
Profit,Profit cannot be negative
Profit,Profit cannot be negative
Profit,Profit cannot be negative
Profit,Profit cannot be negative
Profit,Profit cannot be negative
Profit,Profit cannot be negative
Profit,Profit cannot be negative
Profit,Profit cannot be negative
Profit,Profit cannot be negative
Profit,Profit cannot be negative
Profit,Profit cannot be negative
Profit,Profit cannot be negative
Profit,Profit cannot be negative
Profit,Profit cannot be negative
Profit,Profit cannot be negative
Profit,Profit cannot be negative
Profit,Profit cannot be negative
Profit,Profit cannot be negative
Profit,Profit cannot be negative
Profit,Profit cannot be negative
Profit,Profit cannot be negative
Profit,Profit cannot be negative
Profit,Profit cannot be negative
Profit,Profit cannot be negative
Profit,Profit cannot be negative
Profit,Profit cannot be negative
Profit,Profit cannot be negative
Profit,Profit cannot be negative
Profit,Profit cannot be negative
Profit,Profit cannot be negative
Profit,Profit cannot be negative
Profit,Profit cannot be negative
Profit,Profit cannot be negative
Profit,Profit cannot be negative
Profit,Profit cannot be negative
Profit,Profit cannot be negative
Profit,Profit cannot be negative
Profit,Profit cannot be negative
Profit,Profit cannot be negative
Profit,Profit cannot be negative
Profit,Profit cannot be negative
Profit,Profit cannot be negative
Profit,Profit cannot be negative
Profit,Profit cannot be negative
Profit,Profit cannot be negative
Profit,Profit cannot be negative
Profit,Profit cannot be negative
Profit,Profit cannot be negative
Profit,Profit cannot be negative
Profit,Profit cannot be negative
Profit,Profit cannot be negative
Profit,Profit cannot be negative
Profit,Profit cannot be negative
Profit,Profit cannot be negative
Profit,Profit cannot be negative
Profit,Profit cannot be negative
Profit,Profit cannot be negative
Profit,Profit cannot be negative
Profit,Profit cannot be negative
Profit,Profit cannot be negative
Profit,Profit cannot be negative
Profit,Profit cannot be negative
Profit,Profit cannot be negative
Profit,Profit cannot be negative
Profit,Profit cannot be negative
Profit,Profit cannot be negative
Profit,Profit cannot be negative
Profit,Profit cannot be negative
Profit,Profit cannot be negative
Profit,Profit cannot be negative
Profit,Profit cannot be negative
Profit,Profit cannot be negative
Profit,Profit cannot be negative
Profit,Profit cannot be negative
Profit,Profit cannot be negative
Profit,Profit cannot be negative
Profit,Profit cannot be negative
Profit,Profit cannot be negative
Profit,Profit cannot be negative
Profit,Profit cannot be negative
Profit,Profit cannot be negative
Profit,Profit cannot be negative
Profit,Profit cannot be negative
Profit,Profit cannot be negative
Profit,Profit cannot be negative
Profit,Profit cannot be negative
Profit,Profit cannot be negative
Profit,Profit cannot be negative
Profit,Profit cannot be negative
Profit,Profit cannot be negative
Profit,Profit cannot be negative
Profit,Profit cannot be negative
Profit,Profit cannot be negative
Profit,Profit cannot be negative
Profit,Profit cannot be negative
Profit,Profit cannot be negative
Profit,Profit cannot be negative
Profit,Profit cannot be negative
Profit,Profit cannot be negative
Profit,Profit cannot be negative
Profit,Profit cannot be negative
Profit,Profit cannot be negative
Profit,Profit cannot be negative
Profit,Profit cannot be negative
Profit,Profit cannot be negative
Profit,Profit cannot be negative
Profit,Profit cannot be negative
Profit,Profit cannot be negative
Profit,Profit cannot be negative
Profit,Profit cannot be negative
Profit,Profit cannot be negative
Profit,Profit cannot be negative
Profit,Profit cannot be negative
Profit,Profit cannot be negative
Profit,Profit cannot be negative
Profit,Profit cannot be negative
Profit,Profit cannot be negative
Profit,Profit cannot be negative
Profit,Profit cannot be negative
Profit,Profit cannot be negative
Profit,Profit cannot be negative
Profit,Profit cannot be negative
Profit,Profit cannot be negative
Profit,Profit cannot be negative
Profit,Profit cannot be negative
Profit,Profit cannot be negative
Profit,Profit cannot be negative
Profit,Profit cannot be negative
Profit,Profit cannot be negative
Profit,Profit cannot be negative
Profit,Profit cannot be negative
Profit,Profit cannot be negative
Profit,Profit cannot be negative
Profit,Profit cannot be negative
Profit,Profit cannot be negative
Profit,Profit cannot be negative
Profit,Profit cannot be negative
Profit,Profit cannot be negative
Profit,Profit cannot be negative
Profit,Profit cannot be negative
Profit,Profit cannot be negative
Profit,Profit cannot be negative
Profit,Profit cannot be negative
Profit,Profit cannot be negative
Profit,Profit cannot be negative
Profit,Profit cannot be negative
Profit,Profit cannot be negative
Profit,Profit cannot be negative
Profit,Profit cannot be negative
Profit,Profit cannot be negative
Profit,Profit cannot be negative
Profit,Profit cannot be negative
Profit,Profit cannot be negative
Profit,Profit cannot be negative
Profit,Profit cannot be negative
Profit,Profit cannot be negative
Profit,Profit cannot be negative
Profit,Profit cannot be negative
Profit,Profit cannot be negative
Profit,Profit cannot be negative
Profit,Profit cannot be negative
Profit,Profit cannot be negative
Profit,Profit cannot be negative
Profit,Profit cannot be negative
Profit,Profit cannot be negative
Profit,Profit cannot be negative
Profit,Profit cannot be negative
Profit,Profit cannot be negative
Profit,Profit cannot be negative
Profit,Profit cannot be negative
Profit,Profit cannot be negative
Profit,Profit cannot be negative
Profit,Profit cannot be negative
Profit,Profit cannot be negative
Profit,Profit cannot be negative
Profit,Profit cannot be negative
Profit,Profit cannot be negative
Profit,Profit cannot be negative
Profit,Profit cannot be negative
Profit,Profit cannot be negative
Profit,Profit cannot be negative
Profit,Profit cannot be negative
Profit,Profit cannot be negative
Profit,Profit cannot be negative
Profit,Profit cannot be negative
Profit,Profit cannot be negative
Profit,Profit cannot be negative
Profit,Profit cannot be negative
Profit,Profit cannot be negative
Profit,Profit cannot be negative
Profit,Profit cannot be negative
Profit,Profit cannot be negative
Profit,Profit cannot be negative
Profit,Profit cannot be negative
Profit,Profit cannot be negative
Profit,Profit cannot be negative
Profit,Profit cannot be negative
Profit,Profit cannot be negative
Profit,Profit cannot be negative
Profit,Profit cannot be negative
Profit,Profit cannot be negative
Profit,Profit cannot be negative
Profit,Profit cannot be negative
Profit,Profit cannot be negative
Profit,Profit cannot be negative
Profit,Profit cannot be negative
Profit,Profit cannot be negative
Profit,Profit cannot be negative
Profit,Profit cannot be negative
Profit,Profit cannot be negative
Profit,Profit cannot be negative
Profit,Profit cannot be negative
Profit,Profit cannot be negative
Profit,Profit cannot be negative
Profit,Profit cannot be negative
Profit,Profit cannot be negative
Profit,Profit cannot be negative
Profit,Profit cannot be negative
Profit,Profit cannot be negative
Profit,Profit cannot be negative
Profit,Profit cannot be negative
Profit,Profit cannot be negative
Profit,Profit cannot be negative
Profit,Profit cannot be negative
Profit,Profit cannot be negative
Profit,Profit cannot be negative
Profit,Profit cannot be negative
Profit,Profit cannot be negative
Profit,Profit cannot be negative
Profit,Profit cannot be negative
Profit,Profit cannot be negative
Profit,Profit cannot be negative
Profit,Profit cannot be negative
Profit,Profit cannot be negative
Profit,Profit cannot be negative
Profit,Profit cannot be negative
Profit,Profit cannot be negative
Profit,Profit cannot be negative
Profit,Profit cannot be negative
Profit,Profit cannot be negative
Profit,Profit cannot be negative
Profit,Profit cannot be negative
Profit,Profit cannot be negative
Profit,Profit cannot be negative
Profit,Profit cannot be negative
Profit,Profit cannot be negative
Profit,Profit cannot be negative
Profit,Profit cannot be negative
Profit,Profit cannot be negative
Profit,Profit cannot be negative
Profit,Profit cannot be negative
Profit,Profit cannot be negative
Profit,Profit cannot be negative
Profit,Profit cannot be negative
Profit,Profit cannot be negative
Profit,Profit cannot be negative
Profit,Profit cannot be negative
Profit,Profit cannot be negative
Profit,Profit cannot be negative
Profit,Profit cannot be negative
Profit,Profit cannot be negative
Profit,Profit cannot be negative
Profit,Profit cannot be negative
Profit,Profit cannot be negative
Profit,Profit cannot be negative
Profit,Profit cannot be negative
Profit,Profit cannot be negative
Profit,Profit cannot be negative
Profit,Profit cannot be negative
Profit,Profit cannot be negative
Profit,Profit cannot be negative
Profit,Profit cannot be negative
Profit,Profit cannot be negative
Profit,Profit cannot be negative
Profit,Profit cannot be negative
Profit,Profit cannot be negative
Profit,Profit cannot be negative
Profit,Profit cannot be negative
Profit,Profit cannot be negative
Profit,Profit cannot be negative
Profit,Profit cannot be negative
Profit,Profit cannot be negative
Profit,Profit cannot be negative
Profit,Profit cannot be negative
Profit,Profit cannot be negative
Profit,Profit cannot be negative
Profit,Profit cannot be negative
Profit,Profit cannot be negative
Profit,Profit cannot be negative
Profit,Profit cannot be negative
Profit,Profit cannot be negative
Profit,Profit cannot be negative
Profit,Profit cannot be negative
Profit,Profit cannot be negative
Profit,Profit cannot be negative
Profit,Profit cannot be negative
Profit,Profit cannot be negative
Profit,Profit cannot be negative
Profit,Profit cannot be negative
Profit,Profit cannot be negative
Profit,Profit cannot be negative
Profit,Profit cannot be negative
Profit,Profit cannot be negative
Profit,Profit cannot be negative
Profit,Profit cannot be negative
Profit,Profit cannot be negative
Profit,Profit cannot be negative
Profit,Profit cannot be negative
Profit,Profit cannot be negative
Profit,Profit cannot be negative
Profit,Profit cannot be negative
Profit,Profit cannot be negative
Profit,Profit cannot be negative
Profit,Profit cannot be negative
Profit,Profit cannot be negative
Profit,Profit cannot be negative
Profit,Profit cannot be negative
Profit,Profit cannot be negative
Profit,Profit cannot be negative
Profit,Profit cannot be negative
Profit,Profit cannot be negative
Profit,Profit cannot be negative
Profit,Profit cannot be negative
Profit,Profit cannot be negative
Profit,Profit cannot be negative
Profit,Profit cannot be negative
Profit,Profit cannot be negative
Profit,Profit cannot be negative
Profit,Profit cannot be negative
Profit,Profit cannot be negative
Profit,Profit cannot be negative
Profit,Profit cannot be negative
Profit,Profit cannot be negative
Profit,Profit cannot be negative
Profit,Profit cannot be negative
Profit,Profit cannot be negative
Profit,Profit cannot be negative
Profit,Profit cannot be negative
Profit,Profit cannot be negative
Profit,Profit cannot be negative
Profit,Profit cannot be negative
Profit,Profit cannot be negative
Profit,Profit cannot be negative
Profit,Profit cannot be negative
Profit,Profit cannot be negative
Profit,Profit cannot be negative
Profit,Profit cannot be negative
Profit,Profit cannot be negative
Profit,Profit cannot be negative
Profit,Profit cannot be negative
Profit,Profit cannot be negative
Profit,Profit cannot be negative
Profit,Profit cannot be negative
Profit,Profit cannot be negative
Profit,Profit cannot be negative
Profit,Profit cannot be negative
Profit,Profit cannot be negative
Profit,Profit cannot be negative
Profit,Profit cannot be negative
Profit,Profit cannot be negative
Profit,Profit cannot be negative
Profit,Profit cannot be negative
Profit,Profit cannot be negative
Profit,Profit cannot be negative
Profit,Profit cannot be negative
Profit,Profit cannot be negative
Profit,Profit cannot be negative
Profit,Profit cannot be negative
Profit,Profit cannot be negative
Profit,Profit cannot be negative
Profit,Profit cannot be negative
Profit,Profit cannot be negative
Profit,Profit cannot be negative
Profit,Profit cannot be negative
Profit,Profit cannot be negative
Profit,Profit cannot be negative
Profit,Profit cannot be negative
Profit,Profit cannot be negative
Profit,Profit cannot be negative
Profit,Profit cannot be negative
Profit,Profit cannot be negative
Profit,Profit cannot be negative
Profit,Profit cannot be negative
Profit,Profit cannot be negative
Profit,Profit cannot be negative
Profit,Profit cannot be negative
Profit,Profit cannot be negative
Profit,Profit cannot be negative
Profit,Profit cannot be negative
Profit,Profit cannot be negative
Profit,Profit cannot be negative
Profit,Profit cannot be negative
Profit,Profit cannot be negative
Profit,Profit cannot be negative
Profit,Profit cannot be negative
Profit,Profit cannot be negative
Profit,Profit cannot be negative
Profit,Profit cannot be negative
Profit,Profit cannot be negative
Profit,Profit cannot be negative
Profit,Profit cannot be negative
Profit,Profit cannot be negative
Profit,Profit cannot be negative
Profit,Profit cannot be negative
Profit,Profit cannot be negative
Profit,Profit cannot be negative
Profit,Profit cannot be negative
Profit,Profit cannot be negative
Profit,Profit cannot be negative
Profit,Profit cannot be negative
Profit,Profit cannot be negative
Profit,Profit cannot be negative
Profit,Profit cannot be negative
Profit,Profit cannot be negative
Profit,Profit cannot be negative
Profit,Profit cannot be negative
Profit,Profit cannot be negative
Profit,Profit cannot be negative
Profit,Profit cannot be negative
Profit,Profit cannot be negative
Profit,Profit cannot be negative
Profit,Profit cannot be negative
Profit,Profit cannot be negative
Profit,Profit cannot be negative
Profit,Profit cannot be negative
Profit,Profit cannot be negative
Profit,Profit cannot be negative
Profit,Profit cannot be negative
Profit,Profit cannot be negative
Profit,Profit cannot be negative
Profit,Profit cannot be negative
Profit,Profit cannot be negative
Profit,Profit cannot be negative
Profit,Profit cannot be negative
Profit,Profit cannot be negative
Profit,Profit cannot be negative
Profit,Profit cannot be negative
Profit,Profit cannot be negative
Profit,Profit cannot be negative
Profit,Profit cannot be negative
Profit,Profit cannot be negative
Profit,Profit cannot be negative
Profit,Profit cannot be negative
Profit,Profit cannot be negative
Profit,Profit cannot be negative
Profit,Profit cannot be negative
Profit,Profit cannot be negative
Profit,Profit cannot be negative
Profit,Profit cannot be negative
Profit,Profit cannot be negative
Profit,Profit cannot be negative
Profit,Profit cannot be negative
Profit,Profit cannot be negative
Profit,Profit cannot be negative
Profit,Profit cannot be negative
Profit,Profit cannot be negative
Profit,Profit cannot be negative
Profit,Profit cannot be negative
Profit,Profit cannot be negative
Profit,Profit cannot be negative
Profit,Profit cannot be negative
Profit,Profit cannot be negative
Profit,Profit cannot be negative
Profit,Profit cannot be negative
Profit,Profit cannot be negative
Profit,Profit cannot be negative
Profit,Profit cannot be negative
Profit,Profit cannot be negative
Profit,Profit cannot be negative
Profit,Profit cannot be negative
Profit,Profit cannot be negative
Profit,Profit cannot be negative
Profit,Profit cannot be negative
Profit,Profit cannot be negative
Profit,Profit cannot be negative
Profit,Profit cannot be negative
Profit,Profit cannot be negative
Profit,Profit cannot be negative
Profit,Profit cannot be negative
Profit,Profit cannot be negative
Profit,Profit cannot be negative
Profit,Profit cannot be negative
Profit,Profit cannot be negative
Profit,Profit cannot be negative
Profit,Profit cannot be negative
Profit,Profit cannot be negative
Profit,Profit cannot be negative
Profit,Profit cannot be negative
Profit,Profit cannot be negative
Profit,Profit cannot be negative
Profit,Profit cannot be negative
Profit,Profit cannot be negative
Profit,Profit cannot be negative
Profit,Profit cannot be negative
Profit,Profit cannot be negative
Profit,Profit cannot be negative
Profit,Profit cannot be negative
Profit,Profit cannot be negative
Profit,Profit cannot be negative
Profit,Profit cannot be negative
Profit,Profit cannot be negative
Profit,Profit cannot be negative
Profit,Profit cannot be negative
Profit,Profit cannot be negative
Profit,Profit cannot be negative
Profit,Profit cannot be negative
Profit,Profit cannot be negative
Profit,Profit cannot be negative
Profit,Profit cannot be negative
Profit,Profit cannot be negative
Profit,Profit cannot be negative
Profit,Profit cannot be negative
Profit,Profit cannot be negative
Profit,Profit cannot be negative
Profit,Profit cannot be negative
Profit,Profit cannot be negative
Profit,Profit cannot be negative
Profit,Profit cannot be negative
Profit,Profit cannot be negative
Profit,Profit cannot be negative
Profit,Profit cannot be negative
Profit,Profit cannot be negative
Profit,Profit cannot be negative
Profit,Profit cannot be negative
Profit,Profit cannot be negative
Profit,Profit cannot be negative
Profit,Profit cannot be negative
Profit,Profit cannot be negative
Profit,Profit cannot be negative
Profit,Profit cannot be negative
Profit,Profit cannot be negative
Profit,Profit cannot be negative
Profit,Profit cannot be negative
Profit,Profit cannot be negative
